Id;Organism;Core1
CRW_5S_B_P_29;Listonella pelagia;((((())))()())
CRW_5S_B_P_69;Vibrio natriegens;((((())))()())
CRW_5S_B_P_28;Listonella anguillarum;((((())))()())
CRW_5S_B_P_26;Grimontia hollisae;((((())))()())
CRW_5S_B_F_22;Geobacillus stearothermophilus;((((())))()())
CRW_5S_B_P_19;Escherichia coli;((((())))()())
CRW_5S_B_D_53;Thermus sp.;((((())))()())
CRW_5S_B_F_50;Staphylococcus aureus;((((())))()())
CRW_5S_B_P_39;Pseudomonas aeruginosa;((((())))()())
CRW_5S_B_P_46;Shewanella colwelliana;((((())))()())
CRW_5S_B_Te_31;Mycoplasma capricolum;((((())))()())
CRW_5S_B_F_24;Geobacillus stearothermophilus;(((((()))))()())
CRW_5S_B_D_15;Deinococcus radiodurans;((((())))()())
CRW_5S_B_F_11;Bacillus subtilis;((((())))()())
CRW_5S_B_F_49;Sporosarcina pasteurii;((((())))()())
CRW_5S_B_P_60;Vibrio cincinnatiensis;((((())))()())
CRW_5S_B_P_58;Thiothrix sp.;((((())))()())
CRW_5S_B_P_27;Halorhodospira halophila;((((())))()())
CRW_5S_B_P_75;Vibrio tubiashii;((((())))()())
CRW_5S_B_P_57;Thiothrix nivea;((((())))()())
CRW_5S_B_P_3;Acidithiobacillus thiooxidans;((((())))()())
CRW_5S_B_P_43;Pseudomonas stutzeri;((((())))()())
CRW_5S_B_P_38;Proteus vulgaris;((((())))()())
CRW_5S_B_P_66;Vibrio mediterranei;((((())))()())
CRW_5S_B_P_41;Pseudomonas fluorescens;((((())))()())
CRW_5S_B_P_42;Pseudomonas stutzeri;((((())))()()())
CRW_5S_B_P_72;Vibrio parahaemolyticus;((((())))()())
CRW_5S_B_P_2;Acidithiobacillus ferrooxidans;((((())))()())
CRW_5S_B_D_56;Thermus thermophilus;((((())))()())
CRW_5S_B_Ac_44;Pseudonocardia hydrocarbonoxydans;((((())))()())
CRW_5S_B_P_70;Vibrio nereis;((((())))()())
CRW_5S_B_F_25;Geobacillus stearothermophilus;((((())))()())
CRW_5S_B_P_48;Shewanella putrefaciens;((((())))()())
CRW_5S_B_Cy_51;Synechococcus sp. PCC 6301;((((())))()())
CRW_5S_B_P_40;Pseudomonas aeruginosa;((((())))()())
CRW_5S_B_D_54;Thermus thermophilus;((((())))()())
CRW_5S_B_P_37;Plesiomonas shigelloides;((((())))()())
CRW_5S_B_P_64;Vibrio harveyi;((((())))()())
CRW_5S_B_P_47;Shewanella hanedai;((((())))()())
CRW_5S_B_D_13;Deinococcus radiodurans;((((())))()())
CRW_5S_B_P_59;Vibrio alginolyticus;((((())))()())
CRW_5S_B_P_63;Vibrio gazogenes;((((())))()())
CRW_5S_B_P_73;Vibrio proteolyticus;((((())))()())
CRW_5S_B_P_35;Photobacterium sp.;((((())))()())
CRW_5S_B_P_68;Vibrio mimicus;((((())))()())
CRW_5S_B_P_65;Vibrio harveyi;((((())))()())
CRW_5S_B_P_74;Vibrio sp.;((((())))()())
CRW_5S_B_P_34;Photobacterium damselae subsp. damselae;((((())))()())
CRW_5S_B_P_17;Ectothiorhodospira shaposhnikovii;((((())))()())
CRW_5S_B_Ac_30;Micrococcus luteus;((((())))()())
CRW_5S_B_P_61;Vibrio diazotrophicus;((((())))()())
CRW_5S_B_P_5;Agrobacterium tumefaciens;((((())))()())
CRW_5S_B_P_45;Rhodobacter capsulatus;((((())))()())
CRW_5S_B_P_33;Photobacterium angustum;((((())))()())
CRW_5S_B_Te_32;Mycoplasma genitalium;((((())))()())
CRW_5S_B_P_12;Beggiatoa alba;((((())))()())
CRW_5S_B_P_10;Azotobacter vinelandii;((((())))()())
CRW_5S_B_P_62;Vibrio fluvialis;((((())))()())
CRW_5S_B_B_18;Empedobacter brevis;((((())))()())
CRW_5S_B_F_23;Geobacillus stearothermophilus;((((())))()())
CRW_5S_B_D_14;Deinococcus radiodurans;((((())))()())
CRW_5S_B_Ac_7;Arthrobacter globiformis;(((((())))()()))
CRW_5S_B_P_71;Vibrio ordalii;((((())))()())
CRW_5S_B_Ac_8;Arthrobacter globiformis;(((((())))()()))
CRW_5S_B_P_67;Vibrio metschnikovii;((((())))()())
CRW_5S_B_P_16;Delftia acidovorans;((((())))()())
CRW_5S_B_P_1;Acidithiobacillus ferrooxidans;((((())))()())
CRW_5S_B_Ac_4;Actinomadura madurae;((((())))()())
CRW_5S_B_P_6;Alcaligenes faecalis;((((())))()())
CRW_5S_B_D_55;Thermus thermophilus;((((())))()())
CRW_5S_B_P_76;Vibrio vulnificus;((((())))()())
