Id,Core
CRW-5S_A_E_3_nH,(()())
CRW-5S_A_E_17_nH,(()())
CRW-5S_A_E_26_nH,(()())
CRW-5S_A_E_2_nH,(()())
CRW-5S_A_C_20_nH,(()())
CRW-5S_A_E_13_nH,(()())
CRW-5S_A_C_25_nH,(()())
CRW-5S_A_C_23_nH,(()())
CRW-5S_A_E_19_nH,(()())
CRW-5S_A_C_24_nH,(()())
CRW-5S_A_E_27_nH,(()())
CRW-5S_A_E_4_nH,(()())
CRW-5S_A_E_6_nH,(()())
CRW-5S_A_E_16_nH,(()())
CRW-5S_A_E_15_nH,(()())
CRW-5S_A_E_9_nH,(()())
CRW-5S_A_E_8_nH,(()())
CRW-5S_A_E_7_nH,(()())
CRW-5S_A_E_11_nH,(()())
CRW-5S_A_E_14_nH,(()())
CRW-5S_A_C_22_nH,(()())
CRW-5S_A_E_21_nH,(()())
CRW-5S_A_E_12_nH,(()())
CRW-5S_A_E_5_nH,(()())
CRW-5S_A_E_10_nH,(()())
CRW-5S_A_E_18_nH,(()())
