Id,CorePlus
CRW_5S_E_M_46_nH,((((())))((())))
CRW_5S_E_M_9_nH,((((())))((())))
CRW_5S_E_M_81_nH,((((())))((())))
CRW_5S_E_M_39_nH,((((())))((())))
CRW_5S_E_M_65_nH,((((())))((())))
CRW_5S_E_M_60_nH,((((())))((())))
CRW_5S_E_M_96_nH,((((())))((())))
CRW_5S_E_F_7_nH,((((())))((())))
CRW_5S_E_V_58_nH,((((())))((())))
CRW_5S_E_M_61_nH,((((())))((())))
CRW_5S_E_V_66_nH,((((())))((())))
CRW_5S_E_M_42_nH,((((())))((())))
CRW_5S_E_V_51_nH,((((())))((())))
CRW_5S_E_V_36_nH,((((())))((())))
CRW_5S_E_V_67_nH,((((())))((())))
CRW_5S_E_E_29_nH,((((())))(()))
CRW_5S_E_M_18_nH,((((())))((())))
CRW_5S_E_M_5_nH,((((())))((())))
CRW_5S_E_F_86_nH,((((())))((())))
CRW_5S_E_M_57_nH,((((())))((())))
CRW_5S_E_V_35_nH,((((())))((())))
CRW_5S_E_M_22_nH,((((())))((())))
CRW_5S_E_M_25_nH,((((())))((())))
CRW_5S_E_V_74_nH,((((())))((())))
CRW_5S_E_M_15_nH,((((())))((())))
CRW_5S_E_M_8_nH,((((())))((())))
CRW_5S_E_M_38_nH,((((())))((())))
CRW_5S_E_M_79_nH,((((())))((())))
CRW_5S_E_F_82_nH,(((()))(()))
CRW_5S_E_M_3_nH,((((())))((())))
CRW_5S_E_M_80_nH,((((())))((())))
CRW_5S_E_M_75_nH,((((())))((())))
CRW_5S_E_F_50_nH,((((())))((())))
CRW_5S_E_M_23_nH,((((())))((())))
CRW_5S_E_V_13_nH,((((())))((())))
CRW_5S_E_M_88_nH,((((())))((())))
CRW_5S_E_A_31_nH,((((())))((())))
CRW_5S_E_M_43_nH,((((())))((())))
CRW_5S_E_M_17_nH,((((())))((())))
CRW_5S_E_M_2_nH,((((())))((())))
CRW_5S_E_V_37_nH,((((())))((())))
CRW_5S_E_S_85_nH,((((())))((())))
CRW_5S_E_M_45_nH,((((())))((())))
CRW_5S_E_V_33_nH,((((())))((())))
CRW_5S_E_M_16_nH,((((())))((())))
CRW_5S_E_M_48_nH,((((())))((())))
CRW_5S_E_M_20_nH,((((())))((())))
CRW_5S_E_A_91_nH,((((())))((())))
CRW_5S_E_M_40_nH,((((())))((())))
CRW_5S_E_E_94_nH,((((())))((())))
CRW_5S_E_M_11_nH,((((())))((())))
CRW_5S_E_M_24_nH,((((())))((())))
CRW_5S_E_A_68_nH,((((())))((())))
CRW_5S_E_M_89_nH,((((())))((())))
CRW_5S_E_A_14_nH,((((())))((())))
CRW_5S_E_M_44_nH,((((())))((())))
CRW_5S_E_V_21_nH,((((())))((())))
CRW_5S_E_M_26_nH,((((())))((())))
CRW_5S_E_M_41_nH,((((())))((())))
CRW_5S_E_A_30_nH,((((())))((())))
CRW_5S_E_V_56_nH,((((())))((())))
CRW_5S_E_V_92_nH,((((())))((())))
CRW_5S_E_M_59_nH,((((())))((())))
CRW_5S_E_V_10_nH,((((())))((())))
CRW_5S_E_M_77_nH,((((())))((())))
CRW_5S_E_E_95_nH,((((())))((())))
CRW_5S_E_M_83_nH,((((())))((())))
CRW_5S_E_F_52_nH,((((())))((())))
CRW_5S_E_V_93_nH,((((())))((())))
CRW_5S_E_M_12_nH,((((())))((())))
CRW_5S_E_M_76_nH,((((())))((())))
CRW_5S_E_V_55_nH,((((())))((())))
CRW_5S_E_M_64_nH,((((())))((())))
CRW_5S_E_M_6_nH,((((())))((())))
CRW_5S_E_M_72_nH,((((())))((())))
CRW_5S_E_E_28_nH,((((())))((())))
CRW_5S_E_M_19_nH,((((())))((())))
